2050144693112000568,sazexbt
2050038936408363123,edward_evm
2050632133631201444,BLOCK_BUSTER26
2050206523843059958,aimansheikhh03
2050879887632687347,Prince_swago
2049468792376295929,SUSPENDED
2050471461207552279,Tipwotip
2052107507280073000,VladisChernov
2052470334247334325,SUSPENDED
2052026740763967578,sn0wflakk
2051541233294864504,navdeep_bh1414
2053024144640593963,Tipwotip
2051134233025102007,butteryconcept
2052460829241418129,mamatomtn20aprl
2051927741860061247,Chidimm06
2051226745354002726,ByronDrift
2053369090287542560,lindsey47893795
2059127077824311774,Pawan2001564157
